measure,stat.I,stat.K,stat.Lambda,pvalue.I,pvalue.K,pvalue.Lambda
alpha,0.02787842982543631,0.3655402403109385,0.8557448954668231,0.008,0.005,0.001
pd,0.03254647363241069,0.19358849744530518,0.8322466262468557,0.007,0.004,0.001
Shannon,0.019121488199403115,0.222707083676905,0.7843556952917605,0.022,0.017,0.001
psyllid_genus,NA,NA,1.0041760807460767,0.001,0.001,NA
genus_geo,NA,NA,1.0041760807460767,0.001,0.001,NA
random,-2.620586189821229e-4,0.0411410098198593,0.36816164876074586,0.17,0.38,0.031210354956180835
bm,0.04752167882149443,0.9022092318065518,1.0000399854386115,0.001,0.001,0.001
