measure,stat.I,stat.K,stat.Lambda,pvalue.I,pvalue.K,pvalue.Lambda
alpha,0.02787842982543631,0.3655402403109385,0.8557448954668231,0.015,0.005,0.001
pd,0.03254647363241069,0.19358849744530518,0.8322466262468557,0.003,0.005,0.001
Shannon,0.019121488199403115,0.222707083676905,0.7843556952917605,0.018,0.019,0.001
random,-0.028686971630823028,0.02359093066689712,6.638741803085735e-5,0.852,0.892,1
bm,0.10711808303722736,0.8997360388551356,1.0014050289763698,0.001,0.001,0.001
